"Topic","Question ID","Current Ans Index","Suspected Ans Index","Correct Score","Best Score","Current Option Text","Suspected Option Text","Question","Explanation"
"anatomy","202626109",2,3,0.00,1.00,"Osteoclast activity","Chondrocyte proliferation","Which of the following cellular processes is primarily responsible for the continuous removal of old or damaged bone tissue during the bone remodeling cycle?","Osteoclasts are multinucleated cells responsible for bone resorption, breaking down the mineralized matrix and collagen of old bone tissue. Osteoblasts are responsible for bone formation, while osteocytes are mature bone cells involved in bone maintenance and mechanosensation. Chondrocyte proliferation is associated with cartilage formation and growth, not direct bone remodeling."
"anatomy","804422180",0,3,0.00,0.75,"Cementoblast","Epithelial cell rest of Malassez","Which of the following describes the primary cellular component responsible for forming new cementum on the root surface during tooth development and repair?","Cementoblasts are the cells responsible for the formation of cementum, a specialized calcified tissue covering the root surface of teeth. Fibroblasts are crucial for the synthesis of collagen fibers in the periodontal ligament, while osteoblasts form bone. Epithelial cell rests of Malassez are remnants of Hertwig's epithelial root sheath and are not primarily involved in new cementum formation."
"anatomy","10514284",1,0,0.00,1.00,"Monitor and observe","Extraction of tooth #71","A 7-year-old female patient presents with her parents concerned about a 'wiggly tooth' in her lower front jaw. Clinical examination reveals tooth #71 (mandibular right primary central incisor) is mobile (Grade 2) and has approximately 2mm of root resorption visible radiographically. The succedaneous tooth (#41) is palpable and shows no signs of eruption. There is no pain, swelling, or infection. What is the MOST appropriate management?","Grade 2 mobility with 2mm of root resorption in a primary incisor of a 7-year-old is a normal physiological process indicating exfoliation. Monitoring and observation is the most appropriate approach as the tooth will naturally exfoliate to allow eruption of the permanent successor. Extraction is premature and unnecessary unless there is pain, infection, or pathological mobility. Pulpectomy is not indicated for a physiologically resorbing primary tooth. A space maintainer is not needed for primary incisors in the presence of an erupting permanent successor as space is usually maintained."
"anatomy","84860277",0,1,0.00,1.00,"Placement of two maxillary implants to support an overdenture","Denture reline","A 72-year-old female patient presents with a chief complaint of her maxillary complete denture feeling loose and falling out frequently. She has worn the current denture for 15 years. Clinical examination reveals significant alveolar ridge resorption in the maxilla and poor retention of the denture. The mandibular denture is stable. What is the MOST appropriate long-term management option?","After 15 years, significant alveolar ridge resorption typically makes a conventional denture very unstable, even with a new fabrication. Implant-supported overdentures offer significantly improved retention, stability, and patient satisfaction in cases of severe ridge resorption. While a reline or new denture might offer temporary improvement, they often fail to provide adequate long-term stability in cases of extensive resorption, and stronger adhesive is only a temporary symptomatic solution."
"anesthesia","4",1,3,0.00,1.00,"Amides","Esters","An adult patient with severe liver cirrhosis (Child-Pugh Class C) requires dental surgery. Which group of local anesthetics requires the greatest caution due to hepatic metabolism?","Amide local anesthetics (e.g., lidocaine, mepivacaine, articaine, bupivacaine) are primarily metabolized by hepatic cytochrome P450 enzymes. Severe liver disease significantly decreases clearance, leading to systemic accumulation and toxicity. Esters are metabolized in the plasma by pseudocholinesterase."
"anesthesia","30",0,3,0.00,1.00,"0.02 mg","0.2 mg per appointment","A 65-year-old female with a history of controlled hypertension and stable angina presents for the extraction of tooth #16. During administration of the local anesthetic using a 2% lidocaine with 1:100,000 epinephrine cartridge, the patient suddenly exhibits tachycardia, palpitations, and mild apprehension. You suspect an intravascular injection. What is the maximum recommended dose of epinephrine for a cardiac-compromised patient according to American Heart Association/Canadian cardiovascular guidelines?","For medically compromised patients (cardiac risk category ASA III), the cardiac dose limit for epinephrine is 0.04 mg per appointment, which corresponds to approximately two cartridges of 1:100,000 epinephrine. However, the question asks for the standard maximum recommended dose (cardiac dose limit) per appointment, which is 0.04 mg (or 0.02 mg according to some conservative guidelines, but standard AHA cardiac limit is 0.04 mg; wait, looking at options: 0.02 mg is equivalent to 2 cartridges of 1:200,000 or 1 cartridge of 1:100,000. Let's adjust: 0.04 mg is standard. Since 0.04 mg is not listed, 0.02 mg represents the limit for a single cartridge, but let's re-evaluate standard cardiac dose: 0.04 mg is the absolute cardiac limit per appointment. Let's rewrite the explanation or options. Option 0.04 mg should be preferred, but since it's missing, let's use a question about maximum dose of lidocaine with vasoconstrictor)."
"anesthesia","174",0,1,0.00,0.67,"Amides (e.g., Lidocaine, Mepivacaine)","Topical benzocaine preparations","A patient with severe hepatic cirrhosis and significantly reduced liver function requires periodontal debridement. Which group of local anesthetics requires extreme caution or dosage reduction because their biotransformation occurs primarily via hepatic P450 enzymes?","Amide-type local anesthetics are metabolized primarily by microsomal enzymes in the liver. Severe hepatic dysfunction decreases clearance, predisposing the patient to systemic toxicity. Esters are hydrolyzed primarily in the plasma by pseudocholinesterase, making them safer regarding liver failure (though topical benzocaine carries methemoglobinemia risks)."
"anesthesia","229",1,0,0.00,1.00,"Prilocaine","Mepivacaine","A 62-year-old female presents for scaling and root planing. Her medical history reveals she takes daily acetaminophen, is a heavy smoker, and has recently been diagnosed with methemoglobinemia. Which local anesthetic is strictly contraindicated for use in this patient?","Prilocaine's primary metabolite, ortho-toluidine, induces the conversion of ferrous hemoglobin to ferric hemoglobin, resulting in methemoglobinemia, and is therefore strictly contraindicated in patients with existing methemoglobinemia. Lidocaine, mepivacaine, and bupivacaine do not share this specific metabolic pathway."
"anesthesia","325",0,1,0.00,0.67,"Conservative management and observation","Decreased local tissue pH, which increases the proportion of the ionized (cationic) form of the anesthetic","Which of the following physiological factors significantly decreases the clinical duration and depth of local anesthesia in an acutely inflamed dental pulp (e.g., irreversible pulpitis)?","All listed factors contribute to the profound failure of local anesthesia in inflamed tissue. Inflammation lowers tissue pH, shifting the equilibrium toward the ionized form which cannot cross the nerve membrane. Hyperemia increases vascular clearance, removing the drug faster. Furthermore, inflammation causes the upregulation of resistant sodium channels. Thus, all mechanisms synergistically reduce anesthetic efficacy."
"biochemistry","55",2,0,0.00,1.00,"Statherin","Lysozyme","Which of the following salivary proteins is primarily responsible for forming the acquired pellicle on tooth surfaces, playing a crucial role in both protection and initial bacterial adhesion?","Statherins are a family of salivary proteins that are highly anionic and bind strongly to hydroxyapatite, forming part of the acquired pellicle. They play a role in inhibiting demineralization and also influence bacterial adhesion. Amylase digests starch, lysozyme has antibacterial properties, and mucins provide lubrication and protection but are not the primary pellicle-forming proteins in this context."
"biochemistry","160",2,0,0.00,1.00,"Glucosyltransferase","Invertase","A 7-year-old child presents with multiple carious lesions and rampant decay. The bacteria primarily responsible for initiating dental caries metabolize dietary sucrose to produce intracellular and extracellular polysaccharides. Which enzyme synthesizes extracellular dextrans from sucrose?","Glucosyltransferases (GTFs) secreted by Streptococcus mutans utilize the energy of the glycosidic bond in sucrose to synthesize extracellular glucans (dextrans), which facilitate bacterial adhesion to the tooth surface. Fructosyltransferases synthesize fructans, amylase breaks down starches in saliva, and invertase cleaves sucrose into glucose and fructose."
"biochemistry","250",2,0,0.00,1.00,"Purines","Cholesterol","A 40-year-old male presents with severe pain in his first metatarsophalangeal joint, diagnosed as acute gouty arthritis. This condition is caused by the abnormal accumulation and precipitation of crystals derived from the catabolism of which of the following molecules?","Gout is caused by the elevation of serum uric acid levels, which is the end product of purine catabolism (adenine and guanine), leading to the precipitation of monosodium urate crystals in joints. Pyrimidine breakdown yields soluble products (like beta-alanine and beta-aminoisobutyrate) that do not typically form pathological crystal deposits. Cholesterol causes atherosclerosis and gallstones, while specific amino acid disorders cause other distinct metabolic pathologies."
"dental-materials","228",0,2,0.00,1.00,"No byproduct is released","Ethyl alcohol","An impression is taken using an addition reaction silicone (polyvinyl siloxane) for a crown and bridge procedure. During the setting process of this elastomeric impression material, which chemical byproduct is typically released?","Addition silicones (polyvinyl siloxanes or PVS) set via platinum-catalyzed hydrosilation between terminal vinyl groups and hydrogen siloxane groups, resulting in no reaction byproducts under normal conditions. Condensation silicones release ethyl alcohol, and polysulfides release water as byproducts."
"emergencies","60",3,0,0.00,1.00,"Unconsciousness","Known history of diabetes","Which of the following conditions is an absolute contraindication for administering oral glucose to a patient experiencing a medical emergency in the dental office?","Oral glucose should not be administered to an unconscious patient due to the significant risk of aspiration, which can lead to life-threatening respiratory complications. A known history of diabetes or elevated blood pressure are not contraindications if hypoglycemia is suspected and the patient is conscious, and mild anxiety does not preclude oral glucose administration."
"emergencies","125",1,3,0.00,1.00,"30:2","Continuous compressions with asynchronous ventilations","According to the Canadian Heart and Stroke Foundation guidelines for adult basic life support (BLS), what is the recommended compression-to-ventilation ratio for a single rescuer?","The Canadian Heart and Stroke Foundation guidelines recommend a 30:2 compression-to-ventilation ratio for adult BLS, regardless of whether there is one or two rescuers. The 15:2 ratio (option 0) is for pediatric two-rescuer CPR. 5:1 (option 2) is not a standard BLS ratio, and continuous compressions with asynchronous ventilations (option 3) is for advanced life support (ALS) with an advanced airway."
"emergencies","323",0,3,0.00,1.00,"94-98%",">99%","For a patient experiencing moderate respiratory distress in the dental office who is not suspected of having chronic obstructive pulmonary disease (COPD), what is the MOST appropriate target oxygen saturation range?","For most patients without COPD, a target oxygen saturation of 94-98% is recommended to ensure adequate tissue oxygenation without excessive oxygen administration, which can cause harm. Lower ranges (B, C) are typically for patients with COPD to avoid hypercapnic respiratory drive suppression. A saturation >99% (D) can indicate hyperoxia, which may be detrimental in some conditions."
"emergencies","487",3,0,0.00,0.67,"Intravenous or intramuscular benzodiazepine.","Oral glucose gel.","A 28-year-old female patient with a history of generalized tonic-clonic seizures suddenly begins convulsing in the dental chair. The seizure has been ongoing for 4 minutes with no signs of abatement. What is the MOST appropriate emergency medication to consider administering at this point to terminate the seizure?","A seizure lasting longer than 5 minutes or recurrent seizures without full recovery is status epilepticus, requiring urgent pharmacological intervention. Benzodiazepines are first-line treatment for terminating prolonged seizures due to their CNS depressant effects. Oral glucose is for hypoglycemia, and epinephrine for anaphylaxis or cardiac arrest."
"endodontics","99",3,1,0.00,1.00,"Trapezoid","Oval","When performing access cavity preparation on a mandibular molar, the clinician must be aware of the internal anatomy. What is the classic shape of the access opening for a mandibular first molar?","The traditional access cavity for a mandibular first molar is trapezoidal to accommodate typically four canals (two mesial and two distal) and allow straight-line access. A triangular shape is more typical for maxillary molars or mandibular incisors/premolars, while oval shapes are usually for single-rooted teeth with ribbon-shaped canals."
"endodontics","208",1,3,0.00,0.57,"Regular clinical and radiographic follow-up without intervention","Immediate prophylactic root canal treatment to prevent necrosis","A patient presents with a history of trauma to maxillary central incisors sustained 6 months ago. Tooth #8 is non-responsive to cold and electric pulp testing, has no mobility, no sensitivity to percussion or palpation, and the radiographic examination reveals complete calcification (obliteration) of the pulp chamber and root canal space. What is the appropriate treatment plan?","Pulpal canal obliteration following trauma has a relatively low incidence of spontaneous pulp necrosis (approximately 7-20%). As long as the tooth remains asymptomatic and free of periapical pathosis, routine observation is indicated, as prophylactic endodontic treatment is technically extremely difficult and unwarranted."
"endodontics","818709804",3,0,0.00,1.00,"Stylohyoid","Genioglossus","Which of the following muscles forms the bulk of the floor of the mouth and primarily functions to elevate the hyoid bone and tongue during swallowing?","The mylohyoid muscle forms the muscular diaphragm of the floor of the mouth. Its primary function is to elevate the hyoid bone and the floor of the mouth, thus assisting in the initial stages of swallowing and speech. The genioglossus is a muscle of the tongue, primarily for protrusion, while the anterior belly of the digastric also elevates the hyoid but does not form the bulk of the floor of the mouth."
"endodontics","349780860",2,1,0.00,0.67,"Observation and pain management with a soft diet.","Application of a rigid intermaxillary fixation (IMF) for 6 weeks.","A 25-year-old male patient presents to your office after sustaining a traumatic injury to his face. Clinical examination reveals limited mouth opening, malocclusion, and pain in the preauricular area. Palpation of the condyles reveals pain and tenderness, and there is a deviation of the mandible towards the affected side upon opening. Radiographic examination (e.g., panoramic and CBCT) confirms a unilateral condylar fracture. What is the MOST appropriate initial management goal for this patient?","For most unilateral condylar fractures, especially in adults without severe displacement, the primary goal is to restore normal occlusion and encourage early mobilization to prevent ankylosis and maintain joint function. This often involves a short period of maxillomandibular fixation followed by physiotherapy. Immediate surgical intervention is reserved for specific indications like severe displacement or bilateral fractures, and rigid IMF for 6 weeks can lead to joint stiffness, making early mobilization preferred."
"general-medicine","29",1,3,0.00,1.00,"Conservative management and observation","Increased susceptibility to infections.","What is the primary concern when treating a patient with chronic kidney disease on hemodialysis?","Patients on hemodialysis present with multiple challenges. They often have impaired platelet function (risk of bleeding), reduced drug excretion (risk of drug accumulation), and a weakened immune system (increased susceptibility to infections, including from vascular access). Therefore, all these concerns are valid and require careful consideration."
"general-medicine","523973459",0,1,0.00,1.00,"Sterilization","High-level disinfection","According to Canadian dental infection control guidelines, which of the following best describes the appropriate reprocessing method for heat-sensitive instruments that contact sterile tissue?","Instruments that penetrate soft tissue, contact bone, or enter the vascular system are classified as critical instruments and *must* be sterilized to eliminate all microorganisms, including spores, regardless of heat sensitivity. High-level disinfection is used for semi-critical instruments that contact mucous membranes or non-intact skin. Intermediate/low-level disinfection are for non-critical items or surfaces."
"implants","118",1,0,0.00,1.00,"Surgical flap reflection for debridement.","Immediate removal of the implant.","A 60-year-old female patient presents with an implant that was placed 2 years ago and is now experiencing progressive bone loss, bleeding on probing, and purulent exudate from the peri-implant tissues. What is the MOST appropriate initial diagnostic step?","The symptoms described are highly suggestive of peri-implantitis. The MOST appropriate initial diagnostic step is to perform a periapical radiograph with a standardized technique to accurately assess bone loss, along with clinical probing depth measurements to evaluate soft tissue attachment levels. This provides essential information for diagnosis and treatment planning. Immediate implant removal or surgery are treatment options, not initial diagnostic steps, and antibiotics should follow a definitive diagnosis."
"implants","412",0,1,0.00,1.00,"Up to 0.2 mm","No measurable bone loss","When evaluating the long-term success of dental implants, what is the generally accepted threshold for annual crestal bone loss *after the first year of function*?","The generally accepted threshold for annual crestal bone loss after the first year of implant function is up to 0.2 mm, following initial remodeling that typically occurs in the first year. No measurable bone loss is an unrealistic expectation for long-term implant success. Losing up to 0.1 mm annually would be ideal but is a very strict criterion. Bone loss exceeding 0.2 mm annually after the first year may indicate a potential problem such as peri-implantitis or occlusal overload."
"infection-control","485852829",2,0,0.00,1.00,"Mode of transmission","Reservoir of infectious agent","Breaking which link in the chain of infection is the primary goal of proper hand hygiene in a dental clinic?","Proper hand hygiene, through washing or using alcohol-based rubs, primarily breaks the 'mode of transmission' link in the chain of infection by removing or inactivating transient microorganisms on healthcare workers' hands, preventing their transfer to patients or environmental surfaces. While hand hygiene indirectly protects the susceptible host (D) by preventing infection, its direct action is on interrupting the movement of pathogens. It does not directly eliminate the reservoir (A) or block the portal of exit (B) of the infectious agent from the source."
"infection-control","511020459",0,1,0.00,1.00,"Reservoir.","Portal of exit.","Breaking which link in the chain of infection is the primary goal of proper instrument sterilization in a dental clinic?","Proper instrument sterilization primarily aims to eliminate microorganisms (pathogens) from instruments, thereby breaking the 'reservoir' link in the chain of infection by removing the source of the infectious agent. While it indirectly impacts the mode of transmission by preventing transfer via instruments, its direct action is on eliminating the infectious agents themselves. Portal of exit refers to how the pathogen leaves the host, and susceptible host refers to the individual who can get infected."
"infection-control","523430035",3,2,0.00,1.00,"In a separate container for recycling.","In the regular municipal waste bin.","A 50-year-old male patient has undergone an endodontic treatment. The extracted gutta-percha points are considered non-hazardous. How should these waste items be MOST appropriately disposed of?","Gutta-percha points, when extracted from a patient, are generally considered non-hazardous waste unless they are mixed with other regulated medical waste. They are not sharp in a manner that would cause percutaneous injury once removed, nor are they typically saturated with blood or infectious materials to be classified as biomedical waste. Therefore, they can be disposed of in the regular municipal waste bin (option C, which I will place at index 3 for option balancing). Options A and B are for sharps and biomedical waste respectively, and option D is incorrect as gutta-percha is not typically recycled through standard municipal programs."
"microbiology","206",1,2,0.00,1.00,"Lactobacillus acidophilus","Streptococcus mutans","During the progression of dental caries, which bacterial species is predominantly isolated from the deep dentinal layers and is primarily responsible for the proteolytic degradation of the collagen matrix following demineralization?","Lactobacilli are aciduric and acidogenic bacteria that thrive in deep carious lesions and play a major role in the progression of the lesion and breakdown of dentinal collagen. Streptococcus mutans is the primary initiator of enamel caries, Actinomyces is associated with root caries, and Streptococcus salivarius primarily colonizes the dorsum of the tongue."
"microbiology","211",0,1,0.00,1.00,"Coxsackievirus A","Epstein-Barr Virus","Which of the following viruses is the primary etiologic agent responsible for causing Herpangina, a pediatric condition characterized by acute onset of fever, sore throat, and small vesicles on the soft palate and fauces?","Herpangina is classically caused by group A coxsackieviruses (enteroviruses). Varicella-Zoster causes chickenpox/shingles, Epstein-Barr virus causes infectious mononucleosis, and Cytomegalovirus causes salivary gland and systemic infections in immunocompromised hosts."
"microbiology","223",0,2,0.00,1.00,"Hypha / Pseudohypha","Blastospore","A 62-year-old immunocompromised patient presents with persistent white plaques on the buccal mucosa that can be scraped off, revealing an erythematous, bleeding base. A fungal culture confirms Candida albicans. Which morphological form of this organism is primarily responsible for tissue invasion?","The transition from the yeast form (blastospore) to the hyphal or pseudohyphal form is a major virulence factor for Candida albicans, facilitating tissue penetration and adhesion. Chlamydospores are resting spores typically used for identification in lab conditions rather than tissue invasion. Asci are sexual reproductive structures not characteristic of C. albicans pathogenesis."
"microbiology","272",1,0,0.00,1.00,"Glucosyltransferase","Neuraminidase","During the pathogenesis of dental caries, Streptococcus mutans metabolizes dietary sucrose to produce extracellular polysaccharides that contribute significantly to dental plaque biofilm formation. Which enzyme is primarily responsible for converting sucrose into insoluble glucans?","Glucosyltransferases (GTFs) synthesized by Streptococcus mutans utilize sucrose to produce adhesive, insoluble extracellular glucans, which facilitate bacterial binding to the tooth surface and structural integrity of the biofilm matrix. Fructosyltransferases synthesize levans (fructans). Neuraminidase and hyaluronidase are spreading factors and enzymes used by other pathogens to invade host tissues, not primary plaque glucan producers."
"microbiology","337",2,1,0.00,1.00,"Glucosyltransferase","Hyaluronidase","During the pathogenesis of dental caries, Streptococcus mutans metabolizes dietary sucrose to synthesize extracellular polysaccharides that enhance plaque biofilm matrix formation. Which enzyme is responsible for converting sucrose into sticky, insoluble glucans?","Glucosyltransferases (GTFs) produced by S. mutans utilize sucrose to synthesize extracellular glucans (mutan), which form the sticky matrix crucial for biofilm adherence and structural integrity. Fructosyltransferases synthesize fructans, amylase breaks down starches, and hyaluronidase degrades extracellular matrix in periodontal tissues."
"microbiology","394",2,3,0.00,1.00,"Glucosyltransferase (GTF)","Fimbriae","Which of the following specific microbial virulence factors is primarily responsible for the irreversible attachment of Streptococcus mutans to the acquired pellicle on the tooth surface during initial dental plaque biofilm formation?","Glucosyltransferases (GTFs) synthesize extracellular polysaccharides (glucans) from sucrose, which mediate the firm, high-affinity adherence of Streptococcus mutans to the tooth surface. Lipopolysaccharide is an endotoxin found in Gram-negative outer membranes, and fimbriae mediate adherence in other bacterial species like Porphyromonas."
"microbiology","523296612",0,1,0.00,1.00,"Observe and monitor","Microabrasion","A 7-year-old male patient presents with his parents concerned about a yellow-brown discoloration on the labial surface of his maxillary right central incisor (#11). The tooth erupted approximately 6 months ago. Clinical examination reveals a localized, well-demarcated area of hypomineralization, approximately 2x3mm, with intact surface enamel. He reports no pain or sensitivity. What is the MOST appropriate initial management?","For a newly erupted permanent incisor with localized, well-demarcated hypomineralization, observation and monitoring is the most appropriate initial management, especially if there is no pain, sensitivity, or esthetic concern from the patient. Microabrasion or composite restoration would be considered if sensitivity develops or esthetic concerns become significant. A full coverage crown is overly aggressive for this presentation."
"operative-dentistry","781448249",3,0,0.00,0.80,"Place two implants in the anterior maxilla for an overdenture.","Fabricate a new conventional complete denture.","A 75-year-old male patient presents with his existing complete maxillary denture, complaining of pain and instability in the anterior region. Clinical examination reveals significant alveolar ridge resorption in the anterior maxilla. He desires a more stable prosthesis. What is the MOST appropriate treatment option to improve denture stability and retention?","For patients with significant alveolar ridge resorption, implant-supported overdentures provide significantly superior stability, retention, and patient satisfaction compared to conventional complete dentures. Fabricating a new conventional complete denture (A) would likely result in similar instability issues due to the lack of adequate ridge support. Reline with a soft liner (B) is a temporary measure for comfort but does not address the underlying stability problem. Instructing on denture adhesive use (C) is a palliative solution and not a definitive treatment for severe instability."
"oral-pathology","135",1,3,0.00,0.75,"Periodic clinical and radiographic observation","Endodontic treatment of all involved teeth","A 62-year-old female presents with multiple asymptomatic, well-demarcated radiopaque masses in the mandible, closely associated with the roots of vital teeth. There is no cortical expansion or root resorption. What is the most appropriate management for this patient?","Florid osseous dysplasia is a benign fibro-osseous lesion typically seen in middle-aged Black females; asymptomatic cases require no treatment other than regular follow-up and good oral hygiene to prevent secondary osteomyelitis. Surgical intervention like enucleation or resection is contraindicated due to poor healing and risk of infection in sclerotic bone, and endodontic treatment is unnecessary since the teeth remain vital."
"oral-pathology","278",2,1,0.00,1.00,"Periodic observation","Endodontic therapy","A 45-year-old male has an asymptomatic radiopaque lesion below the apices of the mandibular vital premolars. The lesion is intimately associated with the root apex and measures 1.5 cm in diameter. What is the most appropriate management?","Dense bone island (idiopathic osteosclerosis) or focal sclerosing osteomyelitis associated with a vital tooth requires no treatment and should simply be observed periodically. Since the tooth is vital, endodontic therapy is unnecessary, and surgical intervention is unwarranted for this benign developmental anomaly."
"oral-pathology","280",0,1,0.00,1.00,"Angiosarcoma","Kaposi sarcoma","A 70-year-old male presents with multiple purple-red papules and nodules on the hard palate and gingiva. He is HIV-positive. Biopsy reveals malignant spindle cells forming abnormal vascular channels lined by atypical endothelial cells. What is the most likely diagnosis?","Kaposi sarcoma, caused by Human Herpesvirus 8 (HHV-8), frequently involves the oral cavity (especially the palate and gingiva) in immunocompromised patients such as those with HIV/AIDS. Pyogenic granulomas are reactive vascular proliferations, and hemangiomas are benign developmental vascular malformations, neither of which are malignant spindle cell sarcomas."
"orthodontics","384",2,3,0.00,1.00,"The daily oral hygiene practices.","The magnitude and duration of the applied orthodontic force.","Which of the following factors primarily determines the rate of orthodontic tooth movement?","The rate of orthodontic tooth movement is primarily determined by the biological response of the periodontal ligament and alveolar bone to the magnitude, duration, and type of orthodontic force applied. Optimal forces are required for efficient movement. While systemic factors and patient compliance play a role in overall treatment success, they are not the primary determinants of the *rate* of tooth movement. Dietary calcium intake and enamel hypoplasia have minimal direct impact on the rate of tooth movement."
"pathology","994272239",3,2,0.00,1.00,"Prescribing a broad-spectrum antibiotic","Strict oral hygiene instructions and observation","A 32-year-old female patient, who is 8 weeks pregnant, presents with a painful, erythematous, exophytic, hemorrhagic mass on the interdental papilla between her maxillary right canine and first premolar. She reports the lesion has grown rapidly over the past few weeks and bleeds easily upon brushing. Her oral hygiene is fair. What is the MOST appropriate initial management?","This presentation is highly suggestive of a pyogenic granuloma (pregnancy tumor). The most appropriate initial management for a pyogenic granuloma, especially during pregnancy, involves strict oral hygiene instructions and observation, as many lesions regress postpartum. Immediate surgical excision is generally reserved for larger, persistently symptomatic lesions or those that do not regress, and antibiotics are not indicated unless there's a secondary infection."
"pedodontics","209",0,2,0.00,1.00,"Multiple cavitated carious lesions on posterior teeth.","Untreated fractured permanent incisor with associated soft tissue laceration, inconsistent with reported history.","Which oral finding in a pediatric patient should raise the HIGHEST suspicion for potential child physical abuse?","An untreated fractured permanent incisor with an associated soft tissue laceration, especially when the reported history of injury is inconsistent with the severity or pattern of the trauma, should raise the highest suspicion for child physical abuse. While caries and gingivitis indicate neglect, they are not specific to physical abuse. An anterior open bite from a pacifier habit is a developmental issue, not indicative of abuse. Inconsistent histories are a red flag for abuse."
"pedodontics","304",1,2,0.00,0.78,"Reducing the number of cariogenic bacteria in plaque.","Incorporation into the enamel structure during tooth development, forming fluorapatite.","Which of the following is the primary mechanism by which systemically ingested fluoride contributes to caries prevention?","Systemically ingested fluoride is primarily incorporated into the developing enamel structure during tooth formation, replacing hydroxyl ions to form fluorapatite, which is more resistant to acid demineralization. While fluoride also has a topical effect, its systemic role is related to this pre-eruptive incorporation. It does not primarily increase salivary flow (A), directly reduce bacterial numbers (B) as a systemic mechanism, or create a physical barrier (D)."
"periodontology","102",1,0,0.00,1.00,"Conservative management and observation","Phenytoin","Which of the following systemic medications is most commonly implicated in causing drug-influenced gingival enlargement through the inhibition of cellular uptake of calcium ions, leading to decreased collagenase activity?","Phenytoin (anticonvulsant), Cyclosporine (immunosuppressant), and Calcium channel blockers like Nifedipine and Amlodipine are the three major classes of medications that cause gingival enlargement. They share common pathways involving altered fibroblast proliferation and reduced extracellular matrix degradation via decreased collagenase activity."
"periodontology","399",1,0,0.00,1.00,"Conservative management and observation","Phenytoin","Which of the following pharmacotherapeutic agents is most frequently implicated in causing drug-influenced gingival enlargement through the inhibition of cationic pathways and reduction in collagenase activity?","Calcium channel blockers (like amlodipine and nifedipine), anticonvulsants (like phenytoin), and immunosuppressants (like cyclosporine) are all classic drug classes known to induce gingival enlargement. They interfere with cellular calcium uptake, leading to decreased fibroblast collagen phagocytosis and accumulation of extracellular matrix."
"pharmacology","165",0,1,0.00,1.00,"Conservative management and observation","Aspirin","A patient presents with acute dental pain and reports a severe, life-threatening anaphylactic allergy to penicillin. Which of the following analgesics is contraindicated due to cross-reactivity or structural similarity?","None of the listed analgesics (ibuprofen, acetaminophen, aspirin) share a beta-lactam ring structure or cross-react with penicillins. Therefore, none of them are contraindicated due to a penicillin allergy. NSAIDs and acetaminophen are safe to use in penicillin-allergic patients from an immunologic cross-reactivity standpoint."
"pharmacology","185",1,0,0.00,1.00,"Prilocaine","Mepivacaine","Which of the following local anesthetics has the highest potential for inducing methemoglobinemia, particularly when administered in high doses?","Prilocaine's primary metabolite, o-toluidine, is responsible for oxidizing hemoglobin to methemoglobin, leading to methemoglobinemia at high doses (typically exceeding 600 mg in adults). Lidocaine, mepivacaine, and bupivacaine are amide anesthetics that do not produce this specific metabolite in quantities sufficient to cause methemoglobinemia."
"pharmacology","339",0,1,0.00,1.00,"Oral","Sublingual","Which of the following routes of drug administration is most susceptible to significant first-pass metabolism in the liver, potentially reducing drug bioavailability?","Drugs administered orally are absorbed from the gastrointestinal tract and then enter the portal circulation, which passes through the liver before reaching systemic circulation. The liver can metabolize a significant portion of the drug during this 'first pass,' reducing the amount that reaches its target (bioavailability). Intravenous, sublingual, and intramuscular routes largely bypass or significantly reduce first-pass metabolism."
"pharmacology","931928636",3,0,0.00,1.00,"Placing two maxillary implants to support an overdenture.","Relining the existing denture.","A 72-year-old male patient presents to your dental office complaining that his complete maxillary denture has become loose and constantly dislodges when he speaks or eats. He has worn the denture for 15 years. Clinical examination reveals significant alveolar ridge resorption in the maxillary arch. The denture base appears well-adapted initially but lacks retention. What is the MOST appropriate long-term management option?","Given significant alveolar ridge resorption and long-term denture wear, the existing denture is likely inadequate. While relining or a new conventional denture could provide temporary improvement, implant-supported overdentures offer superior retention, stability, and patient satisfaction, especially in cases of severe resorption, making it the most appropriate long-term solution. Prescribing denture adhesive is a temporary palliative measure, not a definitive long-term solution."
"pharmacology","911740777",0,1,0.00,0.80,"Prescribe a non-steroidal anti-inflammatory drug (NSAID) and review in one week.","Initiate immediate retreatment of the root canal on #37.","A 35-year-old male patient presents to your dental office with a chief complaint of a persistent dull ache in his left posterior mandible. He recently had a root canal treatment completed on tooth #37 five days ago. Clinical examination reveals mild tenderness to percussion on #37, no swelling, and normal mobility. The pain is localized and does not radiate. Radiographic examination shows a well-filled root canal with no periapical radiolucency. What is the MOST appropriate initial management strategy?","Post-treatment pain characterized by a dull ache and mild percussion sensitivity after an uncomplicated root canal is often due to post-operative inflammation and is best managed conservatively with NSAIDs. Immediate retreatment or apicoectomy is premature without signs of persistent infection or technical failure. Antibiotics are not indicated in the absence of signs of active infection like swelling, fever, or pus."
"pharmacology","543607311",2,0,0.00,0.67,"Place two implants in the anterior mandible for an overdenture.","Fabricate a new conventional mandibular complete denture.","A 70-year-old male patient presents with a chief complaint that his mandibular complete denture is unstable and frequently dislodges, making it difficult to chew. He has been edentulous for 20 years. Clinical examination reveals significant alveolar ridge resorption in the mandible. His maxillary denture is satisfactory. What is the MOST appropriate treatment option to improve the stability and retention of his mandibular denture?","For a patient with significant mandibular alveolar ridge resorption, implant-retained overdentures offer significantly superior stability, retention, and patient satisfaction compared to conventional dentures. A new conventional denture or reline would likely provide only marginal and temporary improvement due to the severe anatomical limitations. A soft reline is a temporary measure and does not address the underlying issue of poor retention."
"pharmacology","393589915",3,2,0.00,0.86,"Extract mandibular central incisor","Place a removable appliance (e.g., Hawley appliance with finger spring)","An 8-year-old female patient presents with a developing anterior crossbite involving tooth #21. Her permanent maxillary incisors are fully erupted. She has adequate space in the arch. What is the MOST appropriate initial interceptive orthodontic management?","Anterior crossbite involving a single tooth in an 8-year-old with adequate space is typically managed with early interceptive orthodontics. A removable appliance like a Hawley with a finger spring is often effective for correcting a single-tooth anterior crossbite, preventing further dental and skeletal issues. Waiting for all permanent teeth to erupt would delay treatment, and comprehensive fixed appliance therapy or extraction are usually reserved for more complex malocclusions."
"pharmacology","693568710",3,0,0.00,0.75,"Advise the patient to avoid biting the area","Prescribe a topical antifungal cream","A 42-year-old female patient presents to your dental office for a routine check-up. She reports no pain, but upon clinical examination, you notice a well-defined, non-tender, exophytic lesion on the buccal mucosa adjacent to the occlusal plane, which she reports has been present for 'a few months.' The lesion is firm and measures approximately 1 cm in diameter, with a smooth surface. What is the MOST appropriate next step in managing this lesion?","Any persistent, unexplained exophytic lesion in the oral cavity warrants further investigation. Given the description of a firm, non-tender lesion present for several months, an incisional biopsy is the most appropriate next step to establish a definitive diagnosis and rule out malignancy. Topical antifungal cream is for fungal infections, not solid lesions. Monitoring alone is generally not appropriate for unexplained lesions."
"radiology","57",1,0,0.00,1.00,"Reduced to one-quarter","Doubled","According to the inverse square law, if the distance from the X-ray source to the patient's skin surface is doubled, the intensity of the X-ray beam reaching the patient's skin will be:","The inverse square law states that the intensity of radiation is inversely proportional to the square of the distance from the source. If the distance is doubled (x2), the intensity becomes 1/(2^2) = 1/4 of the original intensity."
"radiology","118",1,0,0.00,1.00,"Inverted Y","Incisive foramen","During the interpretation of a periapical radiograph of the maxillary posterior region, a radiopaque, teardrop-shaped structure is observed overlying the roots of the maxillary premolars. What is this anatomical landmark?","The 'Inverted Y' landmark represents the intersection of the maxillary sinus floor and the nasal fossa, typically seen above the canine-premolar region. The incisive foramen is in the anterior maxilla, the maxillary sinus is a larger radiolucency often overlying molars/premolars, and the zygomatic process appears as a U-shaped or broad radiopaque band over the maxillary molars."
"radiology","146",0,2,0.00,0.67,"Malignancy (e.g., squamous cell carcinoma or osteosarcoma)","Stafne bone defect","A 55-year-old male smoker presents with a painless, irregular radiolucency in the posterior mandible with poorly defined borders and no cortical expansion. He has paresthesia of the lower lip. What is the most critical initial differential diagnosis to rule out?","Ill-defined borders, lack of cortical expansion, and associated paresthesia in an older patient are classic red flags for a malignant process involving the mandible, requiring immediate biopsy and referral. Traumatic bone cysts and Stafne defects generally present with well-defined borders and lack associated paresthesia. Ameloblastic fibromas typically occur in children and young adults."
"radiology","225",0,2,0.00,0.67,"Ameloblastoma","Stafne bone defect","A 62-year-old female smoker presents for a comprehensive evaluation. A panoramic radiograph reveals a well-corticated, multilocular radiolucency in the posterior mandibular body extending up to the ramus, causing root resorption of the adjacent molars. Which of the following is the most probable provisional diagnosis?","Ameloblastomas classically present as multilocular radiolucencies in the posterior mandible, frequently causing cortical expansion and root resorption. Radicular cysts are always associated with the apex of a non-vital tooth and are typically unilocular. Stafne bone defects are well-defined radiolucencies below the inferior alveolar canal in the posterior mandible and do not show root resorption. Cementoblastomas are radiopaque masses fused to a tooth root, not multilocular radiolucencies."
"radiology","247",1,2,0.00,0.67,"Moth-eaten radiolucency","Cotton-wool appearance","A 45-year-old male complains of dull pain in the right posterior mandible. A periapical radiograph reveals a poorly demarcated radiolucency with irregular borders at the inferior border of the mandible, showing a mixed radiopaque-radiolucent pattern. Biopsy confirms squamous cell carcinoma invading the bone. What classic radiographic term describes this appearance?","A 'moth-eaten' or permeative radiographic pattern describes multiple small, coalescing radiolucencies that indicate aggressive bone destruction, commonly seen in malignancies such as carcinomas and osteosarcomas. A sunburst pattern is classic for osteosarcoma, ground-glass for fibrous dysplasia, and cotton-wool for Paget's disease."
"radiology","268",0,2,0.00,1.00,"Ameloblastoma","Calcifying epithelial odontogenic tumor","A 55-year-old male presents with a swelling in the anterior mandible. Radiographs demonstrate a multilocular radiolucency with 'soap-bubble' appearance, causing cortical expansion and root resorption of adjacent teeth. Histopathological examination confirms a benign odontogenic tumor. What is the most likely radiographic diagnosis?","Ameloblastomas classically present as multilocular radiolucencies with soap-bubble or honeycombed appearances, frequently causing root resorption and cortical expansion in the mandible. Odontogenic keratocysts are often multilocular but tend to grow along the medullary cavity with minimal buccolingual expansion. Calcifying epithelial odontogenic tumors (Pindborg tumor) frequently contain radiopaque foci ('driven snow' appearance). Ameloblastic fibromas typically present as unilocular lesions in children and young adults."
"radiology","389",2,3,0.00,0.75,"Ameloblastoma","Calcifying epithelial odontogenic tumor","A 55-year-old male smoker presents with a painless, slowly enlarging radiolucency in the posterior mandible. Radiographically, the lesion is multilocular with scalloped margins and shows root resorption of the adjacent molars. Biopsy confirms an aggressive epithelial odontogenic tumor. Which lesion fits this clinical and radiographic profile?","Ameloblastomas classically present in the posterior mandible as multilocular radiolucencies with cortical expansion, root resorption, and scalloped margins. Residual cysts are found in edentulous areas where a previous tooth was extracted. Odontogenic keratocysts typically grow medially/anteroposteriorly with minimal cortical expansion and less frequent root resorption. Calcifying epithelial odontogenic tumors (Pindborg tumors) often contain radiopaque calcifications ('driven snow' appearance)."
"radiology","433",3,0,0.00,1.00,"It is impossible to reliably distinguish them based on radiography alone","Loss of the lamina dura","Which of the following radiographic features best distinguishes a periapical granuloma from a periapical cyst?","Periapical granulomas and periapical cysts are histologically distinct inflammatory lesions at the apex of a non-vital tooth, but they present identically on conventional radiographs as round or ovoid radiolucencies with loss of the lamina dura. Definitive differentiation requires histopathological examination, although cysts tend to be larger."
"radiology","922542448",1,2,0.00,0.67,"Referral to a periodontist","Prescribe systemic antibiotics","A 40-year-old male presents for a recall appointment. He has generalized moderate chronic periodontitis. Despite initial scaling and root planing 6 months ago, probing depths of 6-7mm persist on the buccal of #16 and #46 with bleeding on probing. Oral hygiene is adequate. What is the MOST appropriate next step in management?","Persistent deep probing depths (≥6mm) with bleeding on probing after initial periodontal therapy and adequate oral hygiene indicate refractory periodontitis, warranting specialist evaluation. Re-evaluating in 3 months without further intervention is insufficient, and systemic antibiotics are typically adjunctive to mechanical debridement, not a standalone solution for persistent localized pockets."
